"CBSA","CBSA Code","Year","Days with AQI","Good Days","Moderate Days","Unhealthy for Sensitive Groups Days","Unhealthy Days","Very Unhealthy Days","Hazardous Days","Max AQI","90th Percentile AQI","Median AQI","Days CO","Days NO2","Days Ozone","Days PM2.5","Days PM10"
"Aberdeen, SD","10100",2023,365,289,68,7,1,0,0,166,60,29,0,0,0,292,73
"Aberdeen, WA","10140",2023,365,339,26,0,0,0,0,80,43,23,0,0,0,365,0
"Ada, OK","10220",2023,358,252,106,0,0,0,0,93,64,42,0,0,258,94,6
"Adrian, MI","10300",2023,364,188,166,8,2,0,0,165,70,50,0,0,143,221,0
"Akron, OH","10420",2023,348,208,131,6,2,1,0,230,75,47,0,0,157,191,0
"Albany, GA","10500",2023,364,177,182,5,0,0,0,140,71,51,0,0,0,364,0
"Albany, OR","10540",2023,365,278,83,4,0,0,0,125,62,34,0,0,0,365,0
"Albany-Schenectady-Troy, NY","10580",2023,365,244,114,4,3,0,0,186,62,42,0,0,134,231,0
"Albuquerque, NM","10740",2023,365,97,264,3,0,1,0,207,84,60,0,1,194,87,83
"Alexandria, LA","10780",2023,119,74,45,0,0,0,0,80,64,43,0,0,0,119,0
"Allentown-Bethlehem-Easton, PA-NJ","10900",2023,365,194,164,2,4,0,1,368,70,48,0,6,129,230,0
"Altoona, PA","11020",2023,358,229,123,1,4,1,0,213,67,43,0,0,120,238,0
"Amarillo, TX","11100",2023,365,248,114,3,0,0,0,125,74,45,0,0,314,51,0
"Americus, GA","11140",2023,245,225,20,0,0,0,0,87,49,38,0,0,245,0,0
"Anchorage, AK","11260",2023,365,296,68,1,0,0,0,102,58,25,3,0,0,256,106
"Ann Arbor, MI","11460",2023,365,168,184,9,2,2,0,218,76,52,0,0,121,244,0
"Appleton, WI","11540",2023,360,195,152,8,5,0,0,186,78,48,0,0,85,275,0
"Ardmore, OK","11620",2023,344,189,138,17,0,0,0,136,87,48,0,0,210,134,0
"Arkadelphia, AR","11660",2023,351,321,30,0,0,0,0,87,49,35,0,0,351,0,0
"Asheville, NC","11700",2023,365,228,132,5,0,0,0,112,68,46,0,0,181,184,0
"Ashtabula, OH","11780",2023,245,208,35,2,0,0,0,147,64,42,0,0,245,0,0
"Athens, OH","11900",2023,244,208,35,0,1,0,0,157,54,31,0,0,0,244,0
"Athens, TN","11940",2023,355,238,115,2,0,0,0,114,61,39,0,0,0,355,0
"Athens-Clarke County, GA","12020",2023,365,173,189,3,0,0,0,147,71,52,0,0,98,267,0
"Atlanta-Sandy Springs-Roswell, GA","12060",2023,365,97,247,18,3,0,0,172,85,57,0,3,115,247,0
"Atlantic City-Hammonton, NJ","12100",2023,365,270,90,3,1,1,0,265,60,38,0,0,142,223,0
"Augusta-Richmond County, GA-SC","12260",2023,365,160,205,0,0,0,0,96,70,52,0,0,92,273,0
"Augusta-Waterville, ME","12300",2023,299,242,57,0,0,0,0,92,59,37,0,0,136,161,2
"Austin-Round Rock, TX","12420",2023,365,147,207,11,0,0,0,122,79,54,0,4,107,254,0
"Bakersfield, CA","12540",2023,365,85,210,58,12,0,0,174,122,69,0,1,217,135,12
"Baltimore-Columbia-Towson, MD","12580",2023,365,201,147,13,3,1,0,205,84,49,0,4,199,162,0
"Bangor, ME","12620",2023,358,294,64,0,0,0,0,89,55,35,0,0,161,193,4
"Baraboo, WI","12660",2023,362,218,123,16,4,1,0,271,77,44,0,0,124,237,1
"Barnstable Town, MA","12700",2023,358,331,24,3,0,0,0,140,49,37,0,0,336,22,0
"Baton Rouge, LA","12940",2023,365,99,242,23,1,0,0,154,90,56,0,0,119,246,0
"Bay City, MI","13020",2023,363,229,128,3,3,0,0,192,63,42,0,0,0,363,0
"Beatrice, NE","13100",2023,351,262,86,2,1,0,0,163,56,34,0,0,0,351,0
"Beaumont-Port Arthur, TX","13140",2023,365,132,223,9,1,0,0,154,78,54,0,0,116,249,0
"Beaver Dam, WI","13180",2023,365,213,133,14,2,3,0,210,77,46,0,0,182,183,0
"Bellingham, WA","13380",2023,360,327,33,0,0,0,0,94,49,31,0,0,127,233,0
"Bemidji, MN","13420",2023,360,247,107,5,1,0,0,156,73,27,0,0,0,360,0
"Bend-Redmond, OR","13460",2023,365,273,66,10,9,6,1,413,74,28,0,0,0,365,0
"Bennington, VT","13540",2023,359,290,63,4,2,0,0,157,56,38,0,0,215,144,0
"Berlin, NH-VT","13620",2023,364,318,42,4,0,0,0,136,54,43,0,0,358,6,0
"Billings, MT","13740",2023,357,306,47,3,1,0,0,191,53,29,0,0,0,357,0
"Birmingham-Hoover, AL","13820",2023,365,73,272,15,3,2,0,255,89,61,0,0,54,311,0
"Bishop, CA","13860",2023,365,106,236,13,3,1,6,786,90,61,0,0,202,123,40
"Bismarck, ND","13900",2023,365,210,129,16,9,0,1,323,84,46,0,2,184,179,0
"Blacksburg-Christiansburg-Radford, VA","13980",2023,361,324,36,1,0,0,0,101,51,39,0,0,361,0,0
"Bloomington, IL","14010",2023,365,184,168,10,2,1,0,289,74,50,0,0,112,253,0
"Bloomington, IN","14020",2023,365,213,140,10,1,1,0,230,66,47,0,0,156,209,0
"Boise City, ID","14260",2023,365,180,182,3,0,0,0,120,68,51,0,1,164,197,3
"Boston-Cambridge-Newton, MA-NH","14460",2023,365,190,168,7,0,0,0,136,65,50,0,2,134,229,0
"Boulder, CO","14500",2023,365,192,167,4,2,0,0,181,74,50,0,0,272,93,0
"Bowling Green, KY","14540",2023,365,236,123,5,1,0,0,155,64,45,0,0,149,216,0
"Bozeman, MT","14580",2023,365,331,34,0,0,0,0,98,48,26,0,3,0,362,0
"Brainerd, MN","14660",2023,365,234,121,9,1,0,0,165,78,43,0,0,126,239,0
"Branson, MO","14700",2023,105,88,17,0,0,0,0,75,55,29,0,0,0,105,0
"Bremerton-Silverdale, WA","14740",2023,349,323,25,1,0,0,0,115,44,22,0,0,0,349,0
"Bridgeport-Stamford-Norwalk, CT","14860",2023,365,210,135,12,7,1,0,242,79,46,0,12,146,206,1
"Brookings, SD","15100",2023,365,274,84,5,2,0,0,162,71,42,0,0,241,83,41
"Brownsville-Harlingen, TX","15180",2023,365,161,198,6,0,0,0,141,77,54,0,0,103,262,0
"Brunswick, GA","15260",2023,363,243,120,0,0,0,0,90,61,43,0,0,69,294,0
"Buffalo-Cheektowaga-Niagara Falls, NY","15380",2023,365,198,159,5,3,0,0,176,69,48,0,4,89,272,0
"Burlington-South Burlington, VT","15540",2023,365,259,100,4,2,0,0,160,59,42,2,0,192,171,0
"Butte-Silver Bow, MT","15580",2023,365,268,94,3,0,0,0,124,66,31,0,0,0,331,34
"Cadillac, MI","15620",2023,365,204,154,5,1,1,0,201,73,48,0,0,104,261,0
"Cambridge, MD","15700",2023,365,268,90,4,3,0,0,179,61,44,0,0,238,127,0
"Canton-Massillon, OH","15940",2023,365,161,194,7,1,2,0,283,78,52,0,0,99,266,0
"Cape Coral-Fort Myers, FL","15980",2023,364,343,20,1,0,0,0,101,46,35,0,0,364,0,0
"Carlsbad-Artesia, NM","16100",2023,365,195,151,19,0,0,0,143,93,49,0,0,364,1,0
"Carson City, NV","16180",2023,363,236,126,1,0,0,0,105,63,47,0,0,270,93,0
"Casper, WY","16220",2023,365,344,20,1,0,0,0,102,49,42,0,4,338,23,0
"Ca?on City, CO","15860",2023,163,162,1,0,0,0,0,71,21,12,0,0,0,0,163
"Cedar City, UT","16260",2023,365,309,55,1,0,0,0,103,54,42,0,16,310,39,0
"Cedar Rapids, IA","16300",2023,365,130,217,14,3,1,0,207,80,54,0,0,86,279,0
"Centralia, WA","16500",2023,362,314,46,1,1,0,0,159,54,25,0,0,0,362,0
"Chambersburg-Waynesboro, PA","16540",2023,301,267,32,2,0,0,0,133,51,39,0,0,301,0,0
"Champaign-Urbana, IL","16580",2023,365,196,156,11,1,1,0,277,70,48,0,0,150,215,0
"Charleston, WV","16620",2023,361,254,106,0,1,0,0,153,58,42,0,0,136,225,0
"Charleston-North Charleston, SC","16700",2023,365,211,152,2,0,0,0,105,64,47,0,0,89,274,2
"Charlotte-Concord-Gastonia, NC-SC","16740",2023,365,145,212,8,0,0,0,150,77,53,0,0,167,198,0
"Charlottesville, VA","16820",2023,364,254,104,3,3,0,0,168,64,44,0,0,125,239,0
"Chattanooga, TN-GA","16860",2023,365,128,232,5,0,0,0,145,75,54,0,0,70,295,0
"Cheyenne, WY","16940",2023,365,275,85,4,1,0,0,156,61,45,0,1,304,53,7
"Chicago-Naperville-Elgin, IL-IN-WI","16980",2023,365,76,246,33,8,2,0,246,105,60,0,6,99,247,13
"Chico, CA","17020",2023,365,191,174,0,0,0,0,100,71,50,0,0,202,158,5
"Cincinnati, OH-KY-IN","17140",2023,365,92,249,19,5,0,0,197,90,57,0,2,93,263,7
"Claremont-Lebanon, NH-VT","17200",2023,365,311,54,0,0,0,0,100,53,37,0,0,230,135,0
"Clarksburg, WV","17220",2023,107,82,24,0,1,0,0,166,61,39,0,0,0,107,0
"Clarksville, TN-KY","17300",2023,365,205,155,5,0,0,0,117,63,47,0,0,85,280,0
"Clearlake, CA","17340",2023,363,357,6,0,0,0,0,67,39,32,0,0,353,10,0
"Cleveland, MS","17380",2023,364,162,198,4,0,0,0,126,71,52,0,0,67,297,0
"Cleveland-Elyria, OH","17460",2023,365,115,234,11,4,1,0,285,86,57,2,0,99,260,4
"Clinton, IA","17540",2023,365,132,215,14,3,1,0,235,80,54,0,0,90,275,0
"Coeur d'Alene, ID","17660",2023,361,279,78,2,1,1,0,222,60,32,0,0,0,361,0
"College Station-Bryan, TX","17780",2023,348,233,115,0,0,0,0,79,60,39,0,0,0,348,0
"Colorado Springs, CO","17820",2023,365,240,123,1,1,0,0,154,67,47,0,0,334,31,0
"Columbia, MO","17860",2023,244,195,44,5,0,0,0,143,67,42,0,0,244,0,0
"Columbia, SC","17900",2023,365,199,162,4,0,0,0,123,64,48,0,1,120,244,0
"Columbus, GA-AL","17980",2023,365,150,212,2,1,0,0,154,73,52,0,0,56,309,0
"Columbus, IN","18020",2023,361,234,119,7,0,1,0,215,64,46,0,0,204,157,0
"Columbus, OH","18140",2023,365,135,217,9,3,1,0,210,77,54,0,0,97,260,8
"Concord, NH","18180",2023,213,197,16,0,0,0,0,100,48,39,0,0,213,0,0
"Cookeville, TN","18260",2023,356,258,97,1,0,0,0,109,58,38,0,0,0,356,0
"Corning, NY","18500",2023,365,274,83,3,4,1,0,256,64,40,0,0,212,153,0
"Corpus Christi, TX","18580",2023,365,196,167,2,0,0,0,101,71,48,0,0,134,231,0
"Corsicana, TX","18620",2023,364,217,147,0,0,0,0,100,69,46,0,0,190,174,0
"Crescent City, CA","18860",2023,328,268,52,6,2,0,0,187,55,32,0,0,0,328,0
"Crestview-Fort Walton Beach-Destin, FL","18880",2023,241,218,23,0,0,0,0,84,50,37,0,0,234,0,7
"Dallas-Fort Worth-Arlington, TX","19100",2023,365,75,237,44,9,0,0,177,115,60,0,2,148,213,2
"Dalton, GA","19140",2023,281,235,42,4,0,0,0,108,58,41,0,0,228,53,0
"Daphne-Fairhope-Foley, AL","19300",2023,347,236,111,0,0,0,0,90,60,43,0,0,108,239,0
"Davenport-Moline-Rock Island, IA-IL","19340",2023,365,136,206,19,3,1,0,232,79,54,0,0,111,227,27
"Dayton, OH","19380",2023,365,178,174,10,2,1,0,204,75,51,0,0,125,239,1
"Decatur, AL","19460",2023,365,257,106,2,0,0,0,140,61,43,0,0,151,214,0
"Decatur, IL","19500",2023,365,171,178,14,1,1,0,287,76,51,0,0,117,248,0
"Deltona-Daytona Beach-Ormond Beach, FL","19660",2023,365,261,103,1,0,0,0,118,58,44,0,0,152,213,0
"Deming, NM","19700",2023,351,334,15,1,1,0,0,157,35,16,0,0,0,0,351
"Denver-Aurora-Lakewood, CO","19740",2023,365,72,264,27,2,0,0,179,97,64,0,20,243,85,17
"Des Moines-West Des Moines, IA","19780",2023,365,168,182,12,3,0,0,166,73,52,0,3,81,281,0
"Detroit-Warren-Dearborn, MI","19820",2023,365,68,270,23,3,1,0,226,90,61,0,2,42,321,0
"Dickinson, ND","19860",2023,365,282,73,7,2,1,0,226,64,39,0,0,258,107,0
"Dodge City, KS","19980",2023,308,289,18,1,0,0,0,147,40,15,0,0,0,0,308
"Douglas, GA","20060",2023,191,128,62,1,0,0,0,130,59,41,0,0,0,191,0
"Dover, DE","20100",2023,348,216,124,5,2,1,0,207,64,46,0,0,138,210,0
"Duluth, MN-WI","20260",2023,365,219,138,6,1,1,0,286,74,44,0,1,170,188,6
"Durango, CO","20420",2023,365,237,123,2,2,1,0,211,71,46,0,0,337,28,0
"Durham-Chapel Hill, NC","20500",2023,361,251,106,4,0,0,0,121,65,44,0,0,163,189,9
"Dyersburg, TN","20540",2023,360,267,93,0,0,0,0,81,59,39,0,0,0,360,0
"Eagle Pass, TX","20580",2023,330,239,90,1,0,0,0,101,63,34,0,0,0,330,0
"East Stroudsburg, PA","20700",2023,294,270,21,3,0,0,0,126,48,34,0,0,294,0,0
"Eau Claire, WI","20740",2023,365,210,137,13,5,0,0,164,78,46,0,0,110,254,1
"Effingham, IL","20820",2023,242,182,50,10,0,0,0,140,74,44,0,0,242,0,0
"El Centro, CA","20940",2023,365,104,214,37,3,3,4,506,105,61,0,1,171,98,95
"El Dorado, AR","20980",2023,119,59,59,1,0,0,0,102,63,51,0,0,0,119,0
"El Paso, TX","21340",2023,365,69,277,18,1,0,0,155,90,64,0,5,109,206,45
"Elizabethtown-Fort Knox, KY","21060",2023,365,225,136,3,1,0,0,151,66,45,0,0,116,249,0
"Elkhart-Goshen, IN","21140",2023,365,228,130,5,2,0,0,193,69,44,0,0,174,191,0
"Elko, NV","21220",2023,364,318,46,0,0,0,0,74,51,31,0,0,178,4,182
"Ellensburg, WA","21260",2023,365,287,74,1,1,2,0,254,58,29,0,0,0,365,0
"Emporia, KS","21380",2023,117,98,19,0,0,0,0,79,54,29,0,0,0,117,0
"Erie, PA","21500",2023,365,240,116,6,3,0,0,180,64,42,1,3,148,212,1
"Espa?ola, NM","21580",2023,346,318,28,0,0,0,0,71,49,43,0,0,336,10,0
"Eugene, OR","21660",2023,365,190,159,9,6,1,0,211,79,49,0,0,78,287,0
"Eureka-Arcata-Fortuna, CA","21700",2023,365,284,70,6,1,4,0,299,60,32,0,0,190,153,22
"Evanston, WY","21740",2023,365,365,0,0,0,0,0,32,12,6,0,0,0,0,365
"Evansville, IN-KY","21780",2023,365,148,208,8,1,0,0,179,71,52,0,0,130,235,0
"Fairbanks, AK","21820",2023,365,224,109,21,10,1,0,231,93,41,0,0,135,229,1
"Fairmont, WV","21900",2023,118,84,33,0,1,0,0,170,58,39,0,0,0,118,0
"Fallon, NV","21980",2023,354,295,59,0,0,0,0,90,58,43,0,0,354,0,0
"Fargo, ND-MN","22020",2023,358,180,166,10,2,0,0,175,84,50,0,1,112,245,0
"Farmington, NM","22140",2023,365,249,112,4,0,0,0,117,74,46,0,1,362,0,2
"Fayetteville, NC","22180",2023,365,201,163,1,0,0,0,129,67,48,0,0,122,241,2
"Fayetteville-Springdale-Rogers, AR-MO","22220",2023,365,265,95,5,0,0,0,119,64,44,0,0,323,42,0
"Fernley, NV","22280",2023,349,325,24,0,0,0,0,87,49,41,0,0,349,0,0
"Flagstaff, AZ","22380",2023,365,243,118,1,2,1,0,203,80,46,0,0,356,9,0
"Flint, MI","22420",2023,364,238,115,8,3,0,0,178,74,44,0,0,158,206,0
"Florence, SC","22500",2023,365,188,176,1,0,0,0,104,66,50,0,0,72,293,0
"Fond du Lac, WI","22540",2023,204,162,38,4,0,0,0,122,67,41,0,0,204,0,0
"Fort Collins, CO","22660",2023,365,175,185,4,1,0,0,156,77,51,0,0,304,61,0
"Fort Madison-Keokuk, IA-IL-MO","22800",2023,60,36,24,0,0,0,0,97,64,47,0,0,0,60,0
"Fort Payne, AL","22840",2023,365,212,151,2,0,0,0,133,66,48,0,0,162,203,0
"Fort Smith, AR-OK","22900",2023,365,227,138,0,0,0,0,84,62,46,0,0,107,258,0
"Fort Wayne, IN","23060",2023,365,165,190,7,2,1,0,223,76,52,0,0,142,223,0
"Fresno, CA","23420",2023,365,97,210,55,3,0,0,156,112,64,0,0,208,147,10
"Gadsden, AL","23460",2023,365,182,183,0,0,0,0,100,65,51,0,0,90,275,0
"Gainesville, FL","23540",2023,365,270,94,1,0,0,0,104,57,40,0,0,139,226,0
"Gainesville, GA","23580",2023,363,166,194,3,0,0,0,137,68,52,0,0,0,363,0
"Gardnerville Ranchos, NV","23820",2023,359,296,63,0,0,0,0,73,56,28,0,0,0,359,0
"Gettysburg, PA","23900",2023,365,188,166,7,3,1,0,241,77,50,0,0,175,190,0
"Gillette, WY","23940",2023,365,245,113,6,1,0,0,177,67,45,0,0,193,38,134
"Glenwood Springs, CO","24060",2023,365,165,197,3,0,0,0,126,77,54,0,0,358,5,2
"Grand Island, NE","24260",2023,342,251,88,0,3,0,0,190,58,35,0,0,0,342,0
"Grand Junction, CO","24300",2023,365,246,119,0,0,0,0,90,64,46,0,0,301,64,0
"Grand Rapids-Wyoming, MI","24340",2023,365,163,189,10,2,1,0,227,82,53,1,2,129,233,0
"Grants Pass, OR","24420",2023,365,205,129,10,11,7,3,872,83,44,0,0,0,365,0
"Great Falls, MT","24500",2023,351,176,169,5,1,0,0,170,65,50,0,0,0,351,0
"Greeley, CO","24540",2023,365,146,214,4,1,0,0,162,80,55,0,0,263,102,0
"Green Bay, WI","24580",2023,365,208,139,12,6,0,0,182,84,46,0,0,131,234,0
"Greenfield Town, MA","24640",2023,365,246,113,5,1,0,0,154,61,43,0,0,139,226,0
"Greensboro-High Point, NC","24660",2023,365,183,178,4,0,0,0,131,69,50,0,0,116,244,5
"Greenville, NC","24780",2023,365,256,107,2,0,0,0,118,60,42,0,0,120,245,0
"Greenville-Anderson-Mauldin, SC","24860",2023,365,167,196,2,0,0,0,126,71,52,0,1,142,222,0
"Guayama, PR","25020",2023,59,57,2,0,0,0,0,55,37,15,0,0,0,0,59
"Gulfport-Biloxi-Pascagoula, MS","25060",2023,365,143,218,4,0,0,0,112,71,53,0,0,108,257,0
"Hagerstown-Martinsburg, MD-WV","25180",2023,357,241,108,6,2,0,0,172,64,44,0,0,178,179,0
"Hailey, ID","25200",2023,330,323,7,0,0,0,0,63,33,19,0,0,0,330,0
"Hammond, LA","25220",2023,124,81,43,0,0,0,0,71,56,43,0,0,0,124,0
"Hanford-Corcoran, CA","25260",2023,365,124,213,28,0,0,0,148,95,58,0,0,154,165,46
"Harrisburg-Carlisle, PA","25420",2023,365,164,189,7,3,2,0,255,79,52,0,0,112,253,0
"Harrison, AR","25460",2023,364,311,53,0,0,0,0,90,58,39,0,0,345,19,0
"Harrisonburg, VA","25500",2023,365,322,40,2,1,0,0,168,53,37,0,93,215,57,0
"Hartford-West Hartford-East Hartford, CT","25540",2023,365,223,133,5,4,0,0,166,67,44,0,16,178,171,0
"Hattiesburg, MS","25620",2023,365,145,220,0,0,0,0,94,68,53,0,0,0,365,0
"Havre, MT","25660",2023,214,170,38,2,3,1,0,215,65,23,0,0,0,214,0
"Helena, MT","25740",2023,365,240,120,3,2,0,0,165,63,45,0,0,183,182,0
"Hermiston-Pendleton, OR","25840",2023,365,259,103,0,1,2,0,267,61,42,0,0,125,240,0
"Hickory-Lenoir-Morganton, NC","25860",2023,365,223,138,4,0,0,0,115,64,46,0,0,127,231,7
"Hilo, HI","25900",2023,365,336,29,0,0,0,0,71,45,23,0,0,0,365,0
"Hobbs, NM","26020",2023,364,235,122,7,0,0,0,133,74,45,0,3,287,74,0
"Holland, MI","26090",2023,360,246,102,11,1,0,0,161,80,42,0,0,200,160,0
"Homosassa Springs, FL","26140",2023,353,230,122,1,0,0,0,118,58,45,0,0,0,353,0
"Hot Springs, AR","26300",2023,104,57,47,0,0,0,0,67,61,47,0,0,0,104,0
"Houghton, MI","26340",2023,119,105,12,2,0,0,0,141,52,16,0,0,0,119,0
"Houma-Thibodaux, LA","26380",2023,365,150,211,3,1,0,0,176,70,53,0,0,73,292,0
"Houston-The Woodlands-Sugar Land, TX","26420",2023,365,36,272,45,11,1,0,205,126,65,0,1,115,229,20
"Huntington-Ashland, WV-KY-OH","26580",2023,365,204,155,4,2,0,0,160,69,48,0,1,112,252,0
"Huntsville, AL","26620",2023,364,204,157,3,0,0,0,135,66,49,0,0,92,272,0
"Idaho Falls, ID","26820",2023,365,306,59,0,0,0,0,84,53,44,0,0,316,49,0
"Indiana, PA","26860",2023,363,264,92,4,2,1,0,220,61,41,0,0,168,195,0
"Indianapolis-Carmel-Anderson, IN","26900",2023,365,80,261,20,2,2,0,259,92,60,0,0,70,295,0
"Iowa City, IA","26980",2023,365,143,216,2,3,1,0,210,68,53,0,0,0,365,0
"Ithaca, NY","27060",2023,357,332,25,0,0,0,0,100,47,35,0,0,357,0,0
"Jackson, MS","27140",2023,365,131,231,3,0,0,0,115,74,54,0,0,97,268,0
"Jackson, TN","27180",2023,357,237,120,0,0,0,0,87,61,43,0,0,0,357,0
"Jackson, WY-ID","27220",2023,365,321,44,0,0,0,0,75,51,43,0,0,351,14,0
"Jacksonville, FL","27260",2023,365,152,211,2,0,0,0,124,67,52,0,0,60,305,0
"Jamestown-Dunkirk-Fredonia, NY","27460",2023,363,322,36,5,0,0,0,133,54,37,0,0,335,28,0
"Janesville-Beloit, WI","27500",2023,205,131,52,20,2,0,0,177,108,46,0,0,205,0,0
"Jasper, IN","27540",2023,239,152,86,1,0,0,0,130,60,44,0,0,0,236,3
"Jefferson City, MO","27620",2023,245,197,43,5,0,0,0,133,64,43,0,0,245,0,0
"Johnstown, PA","27780",2023,363,213,147,0,2,1,0,201,67,46,1,2,108,252,0
"Joplin, MO","27900",2023,365,288,73,4,0,0,0,119,65,42,0,0,228,0,137
"Juneau, AK","27940",2023,364,314,50,0,0,0,0,78,54,24,0,0,0,364,0
"Kahului-Wailuku-Lahaina, HI","27980",2023,347,344,2,0,1,0,0,152,33,20,0,0,0,347,0
"Kalamazoo-Portage, MI","28020",2023,358,151,198,6,2,1,0,225,77,53,0,0,97,261,0
"Kalispell, MT","28060",2023,365,237,120,6,2,0,0,160,68,43,0,0,135,213,17
"Kansas City, MO-KS","28140",2023,365,124,212,25,4,0,0,166,93,55,0,5,144,203,13
"Keene, NH","28300",2023,363,253,108,2,0,0,0,125,61,41,0,0,149,214,0
"Kennewick-Richland, WA","28420",2023,365,260,99,3,0,3,0,261,61,41,0,0,116,230,19
"Killeen-Temple, TX","28660",2023,365,231,128,6,0,0,0,133,74,44,0,0,246,119,0
"Kingsport-Bristol-Bristol, TN-VA","28700",2023,363,271,90,2,0,0,0,118,64,43,0,0,161,202,0
"Kingsville, TX","28780",2023,329,190,139,0,0,0,0,89,66,44,0,0,0,329,0
"Kinston, NC","28820",2023,305,272,32,1,0,0,0,105,51,39,0,0,244,0,61
"Klamath Falls, OR","28900",2023,365,216,137,7,5,0,0,181,75,39,0,0,0,365,0
"Knoxville, TN","28940",2023,365,144,213,8,0,0,0,149,71,53,0,0,133,232,0
"Kokomo, IN","29020",2023,365,234,119,10,2,0,0,199,67,45,0,0,184,181,0
"La Crosse-Onalaska, WI-MN","29100",2023,339,199,130,5,5,0,0,181,80,45,0,0,119,220,0
"La Grande, OR","29260",2023,361,305,56,0,0,0,0,95,54,26,0,0,0,360,1
"Laconia, NH","29060",2023,365,310,54,1,0,0,0,105,54,35,0,0,147,218,0
"Lafayette, LA","29180",2023,365,207,157,1,0,0,0,112,64,47,0,0,200,163,2
"Lafayette-West Lafayette, IN","29200",2023,365,236,118,9,1,1,0,206,64,45,0,0,166,199,0
"Lake Charles, LA","29340",2023,365,139,221,5,0,0,0,133,74,54,0,0,116,249,0
"Lake City, FL","29380",2023,363,210,153,0,0,0,0,89,61,47,0,0,97,266,0
"Lake Havasu City-Kingman, AZ","29420",2023,353,344,9,0,0,0,0,99,27,15,0,0,0,0,353
"Lakeland-Winter Haven, FL","29460",2023,365,275,89,1,0,0,0,101,58,42,0,0,220,145,0
"Lancaster, PA","29540",2023,365,108,243,9,3,1,1,321,85,58,0,0,61,304,0
"Lansing-East Lansing, MI","29620",2023,365,230,124,7,4,0,0,194,74,43,0,2,188,175,0
"Laramie, WY","29660",2023,365,212,149,4,0,0,0,132,71,48,0,0,289,5,71
"Laredo, TX","29700",2023,365,227,133,5,0,0,0,133,71,44,0,0,161,199,5
"Las Cruces, NM","29740",2023,365,162,189,11,3,0,0,196,87,52,0,9,210,81,65
"Las Vegas-Henderson-Paradise, NV","29820",2023,365,106,233,25,1,0,0,197,100,61,0,1,247,101,16
"Lawrenceburg, TN","29980",2023,359,246,113,0,0,0,0,98,60,41,0,0,0,359,0
"Lawton, OK","30020",2023,357,216,137,4,0,0,0,126,71,46,0,0,183,174,0
"Lebanon, PA","30140",2023,365,204,151,5,3,2,0,265,74,47,0,0,127,238,0
"Lewiston, ID-WA","30300",2023,365,187,171,5,1,1,0,204,67,49,0,0,0,365,0
"Lewiston-Auburn, ME","30340",2023,359,296,63,0,0,0,0,77,55,35,0,0,153,205,1
"Lexington-Fayette, KY","30460",2023,365,231,131,2,1,0,0,167,64,45,0,4,146,215,0
"Lima, OH","30620",2023,365,252,105,5,3,0,0,194,67,44,0,0,171,194,0
"Lincoln, NE","30700",2023,283,197,83,2,1,0,0,160,64,42,0,0,212,71,0
"Little Rock-North Little Rock-Conway, AR","30780",2023,365,122,238,4,1,0,0,174,79,55,0,0,60,305,0
"Logan, UT-ID","30860",2023,365,218,139,4,4,0,0,187,71,48,0,0,237,128,0
"Longview, TX","30980",2023,365,304,59,1,1,0,0,151,67,35,0,1,364,0,0
"Longview, WA","31020",2023,365,323,42,0,0,0,0,89,52,22,0,0,0,365,0
"Los Alamos, NM","31060",2023,121,121,0,0,0,0,0,50,27,14,0,0,0,121,0
"Los Angeles-Long Beach-Anaheim, CA","31080",2023,365,41,237,52,32,3,0,210,147,67,0,5,150,203,7
"Louisville/Jefferson County, KY-IN","31140",2023,365,117,227,20,1,0,0,182,83,55,0,2,103,260,0
"Lubbock, TX","31180",2023,364,323,40,0,1,0,0,161,52,25,0,0,0,364,0
"Ludington, MI","31220",2023,221,178,41,2,0,0,0,143,67,40,0,0,221,0,0
"Lynchburg, VA","31340",2023,119,93,24,2,0,0,0,135,58,34,0,0,0,119,0
"Macon, GA","31420",2023,351,136,211,3,1,0,0,157,71,53,0,0,44,307,0
"Madera, CA","31460",2023,365,162,188,14,1,0,0,151,84,52,0,0,210,135,20
"Madison, WI","31540",2023,365,181,159,20,2,3,0,268,83,51,0,0,115,250,0
"Manchester-Nashua, NH","31700",2023,365,305,55,5,0,0,0,119,58,39,3,0,293,69,0
"Manitowoc, WI","31820",2023,205,162,40,2,1,0,0,177,71,40,0,0,205,0,0
"Marietta, OH","31930",2023,238,206,32,0,0,0,0,100,54,42,0,0,238,0,0
"Marshall, MN","32140",2023,361,206,142,10,3,0,0,173,78,46,0,0,120,241,0
"Marshall, TX","32220",2023,359,207,151,1,0,0,0,111,65,47,0,1,136,222,0
"Mason City, IA","32380",2023,60,58,2,0,0,0,0,56,41,19,0,0,0,0,60
"Mayaguez, PR","32420",2023,285,254,31,0,0,0,0,64,51,25,0,0,77,208,0
"McAlester, OK","32540",2023,355,196,152,7,0,0,0,119,69,49,0,0,153,202,0
"McAllen-Edinburg-Mission, TX","32580",2023,357,206,151,0,0,0,0,95,68,44,0,0,19,338,0
"Medford, OR","32780",2023,365,216,135,2,7,5,0,237,69,45,0,0,98,267,0
"Memphis, TN-MS-AR","32820",2023,365,104,246,15,0,0,0,140,82,55,0,0,125,240,0
"Merced, CA","32900",2023,365,171,179,15,0,0,0,129,87,51,0,0,220,131,14
"Meridian, MS","32940",2023,242,227,15,0,0,0,0,87,48,38,0,0,242,0,0
"Miami, OK","33060",2023,364,141,215,7,1,0,0,162,76,54,0,0,70,287,7
"Miami-Fort Lauderdale-West Palm Beach, FL","33100",2023,365,136,225,1,3,0,0,170,67,53,0,13,50,302,0
"Michigan City-La Porte, IN","33140",2023,365,277,76,12,0,0,0,133,68,39,0,0,303,62,0
"Middlesborough, KY","33180",2023,365,185,177,3,0,0,0,131,67,49,0,0,74,291,0
"Milwaukee-Waukesha-West Allis, WI","33340",2023,365,159,178,24,1,3,0,270,93,53,0,5,115,245,0
"Minneapolis-St. Paul-Bloomington, MN-WI","33460",2023,365,134,201,24,6,0,0,190,97,55,1,3,122,223,16
"Minot, ND","33500",2023,365,244,101,13,6,1,0,278,80,42,0,0,228,137,0
"Missoula, MT","33540",2023,364,156,200,8,0,0,0,134,76,53,0,0,67,297,0
"Mobile, AL","33660",2023,361,203,157,1,0,0,0,108,63,46,0,0,96,257,8
"Modesto, CA","33700",2023,365,166,176,23,0,0,0,150,93,54,0,0,199,161,5
"Monroe, LA","33740",2023,358,283,75,0,0,0,0,100,58,38,0,0,289,69,0
"Monroe, MI","33780",2023,65,59,6,0,0,0,0,82,45,25,0,0,0,0,65
"Montgomery, AL","33860",2023,331,138,193,0,0,0,0,93,66,52,0,0,65,266,0
"Morehead City, NC","33980",2023,352,319,31,2,0,0,0,105,50,38,0,0,352,0,0
"Morgantown, WV","34060",2023,277,227,49,0,1,0,0,169,59,42,0,0,214,63,0
"Morristown, TN","34100",2023,241,210,29,2,0,0,0,112,54,42,0,0,241,0,0
"Moscow, ID","34140",2023,360,320,38,1,1,0,0,183,52,22,0,0,0,360,0
"Moses Lake, WA","34180",2023,365,300,59,3,0,2,1,301,57,32,0,0,0,365,0
"Mount Vernon, IL","34500",2023,365,213,141,10,1,0,0,157,67,46,0,0,112,253,0
"Mount Vernon, OH","34540",2023,245,200,44,1,0,0,0,105,61,42,0,0,245,0,0
"Mount Vernon-Anacortes, WA","34580",2023,365,336,29,0,0,0,0,93,48,30,0,0,80,285,0
"Muncie, IN","34620",2023,363,287,71,5,0,0,0,121,62,40,0,0,313,50,0
"Muscatine, IA","34700",2023,365,188,173,1,2,1,0,207,66,49,0,0,0,365,0
"Muskegon, MI","34740",2023,242,187,44,11,0,0,0,147,87,41,0,0,242,0,0
"Myrtle Beach-Conway-North Myrtle Beach, SC-NC","34820",2023,332,238,94,0,0,0,0,100,62,43,0,0,143,189,0
"Naples-Immokalee-Marco Island, FL","34940",2023,360,259,100,1,0,0,0,144,57,43,0,0,101,259,0
"Nashville-Davidson--Murfreesboro--Franklin, TN","34980",2023,365,127,228,10,0,0,0,133,69,54,0,2,95,268,0
"New Castle, IN","35220",2023,348,214,124,8,2,0,0,192,64,44,0,0,0,348,0
"New Castle, PA","35260",2023,267,254,12,1,0,0,0,119,48,34,0,0,267,0,0
"New Haven-Milford, CT","35300",2023,365,205,148,9,2,1,0,208,74,47,0,9,158,198,0
"New Orleans-Metairie, LA","35380",2023,365,139,216,10,0,0,0,126,77,53,0,1,137,227,0
"New York-Newark-Jersey City, NY-NJ-PA","35620",2023,365,107,234,17,6,1,0,278,87,56,0,15,101,249,0
"Niles-Benton Harbor, MI","35660",2023,244,181,52,11,0,0,0,143,80,42,0,0,244,0,0
"Nogales, AZ","35700",2023,358,265,92,1,0,0,0,145,63,37,0,0,0,266,92
"North Port-Sarasota-Bradenton, FL","35840",2023,365,231,133,1,0,0,0,143,62,47,0,0,142,223,0
"Norwich-New London, CT","35980",2023,363,258,95,7,3,0,0,166,61,41,0,0,137,226,0
"Ocala, FL","36100",2023,365,241,124,0,0,0,0,99,57,45,0,0,117,248,0
"Odessa, TX","36220",2023,355,285,70,0,0,0,0,84,56,33,0,0,0,355,0
"Ogden-Clearfield, UT","36260",2023,365,185,167,12,1,0,0,151,84,50,0,14,257,92,2
"Oklahoma City, OK","36420",2023,365,128,222,15,0,0,0,143,84,54,0,8,156,198,3
"Olympia-Tumwater, WA","36500",2023,358,327,31,0,0,0,0,82,48,28,0,0,140,218,0
"Omaha-Council Bluffs, NE-IA","36540",2023,365,184,156,23,2,0,0,169,97,50,0,0,176,173,16
"Orlando-Kissimmee-Sanford, FL","36740",2023,365,259,103,3,0,0,0,115,64,44,0,2,201,162,0
"Othello, WA","36830",2023,365,330,32,1,0,2,0,267,50,21,0,0,0,365,0
"Owensboro, KY","36980",2023,304,180,114,9,1,0,0,170,67,46,0,1,165,138,0
"Oxford, NC","37080",2023,242,202,39,1,0,0,0,105,58,43,0,0,242,0,0
"Oxnard-Thousand Oaks-Ventura, CA","37100",2023,365,220,133,12,0,0,0,136,80,46,0,0,239,121,5
"Paducah, KY-IL","37140",2023,355,203,145,7,0,0,0,126,66,47,0,2,126,227,0
"Pahrump, NV","37220",2023,365,339,20,6,0,0,0,147,41,19,0,0,0,0,365
"Palatka, FL","37260",2023,356,355,1,0,0,0,0,54,31,17,0,0,0,0,356
"Palm Bay-Melbourne-Titusville, FL","37340",2023,365,279,85,1,0,0,0,130,58,43,0,0,222,143,0
"Panama City, FL","37460",2023,365,176,189,0,0,0,0,95,61,51,0,0,73,292,0
"Parkersburg-Vienna, WV","37620",2023,269,213,53,2,1,0,0,166,61,41,0,0,191,78,0
"Payson, AZ","37740",2023,365,232,121,11,1,0,0,154,84,46,0,0,347,2,16
"Pensacola-Ferry Pass-Brent, FL","37860",2023,365,167,196,2,0,0,0,108,68,52,0,0,84,281,0
"Peoria, IL","37900",2023,340,187,131,21,1,0,0,151,77,48,0,0,174,166,0
"Philadelphia-Camden-Wilmington, PA-NJ-DE-MD","37980",2023,365,65,275,19,4,1,1,331,90,59,0,1,81,283,0
"Phoenix-Mesa-Scottsdale, AZ","38060",2023,365,31,248,74,10,1,1,709,126,78,0,0,153,88,124
"Pierre, SD","38180",2023,359,321,30,3,4,1,0,223,52,14,0,0,0,359,0
"Pittsburgh, PA","38300",2023,365,98,243,20,2,2,0,237,89,58,0,0,72,293,0
"Pittsfield, MA","38340",2023,365,257,101,4,3,0,0,170,59,41,0,0,168,197,0
"Platteville, WI","38420",2023,365,198,160,4,2,1,0,221,68,48,0,0,0,365,0
"Pocatello, ID","38540",2023,365,293,39,2,0,0,31,557,77,41,0,0,168,123,74
"Ponca City, OK","38620",2023,335,172,162,1,0,0,0,122,63,49,0,0,0,335,0
"Ponce, PR","38660",2023,340,258,82,0,0,0,0,83,58,30,93,0,0,55,192
"Port Angeles, WA","38820",2023,365,307,57,1,0,0,0,101,53,37,0,0,186,179,0
"Port St. Lucie, FL","38940",2023,365,283,81,1,0,0,0,127,56,41,0,0,172,193,0
"Portland-South Portland, ME","38860",2023,365,261,101,3,0,0,0,120,66,41,0,6,200,155,4
"Portland-Vancouver-Hillsboro, OR-WA","38900",2023,365,219,140,4,2,0,0,153,65,43,0,4,156,205,0
"Portsmouth, OH","39020",2023,365,223,135,5,2,0,0,172,64,44,0,0,0,321,44
"Prescott, AZ","39140",2023,364,298,66,0,0,0,0,87,61,43,0,0,357,7,0
"Price, UT","39220",2023,363,329,34,0,0,0,0,70,50,42,0,0,343,20,0
"Prineville, OR","39260",2023,365,267,86,6,6,0,0,171,63,33,0,0,0,365,0
"Providence-Warwick, RI-MA","39300",2023,365,200,154,11,0,0,0,140,67,48,0,1,153,211,0
"Provo-Orem, UT","39340",2023,365,201,163,1,0,0,0,104,74,48,0,1,231,133,0
"Pueblo, CO","39380",2023,362,277,84,1,0,0,0,115,67,43,0,0,278,43,41
"Pullman, WA","39420",2023,365,323,40,0,0,1,1,326,53,26,0,0,0,365,0
"Quincy, IL-MO","39500",2023,245,184,49,12,0,0,0,136,77,43,0,0,245,0,0
"Racine, WI","39540",2023,203,138,49,14,2,0,0,200,97,44,0,0,203,0,0
"Raleigh, NC","39580",2023,365,184,176,5,0,0,0,130,66,50,0,1,116,248,0
"Rapid City, SD","39660",2023,365,189,164,6,6,0,0,172,80,50,0,0,187,65,113
"Reading, PA","39740",2023,364,205,147,7,3,2,0,287,72,48,0,0,171,193,0
"Red Bluff, CA","39780",2023,365,242,117,6,0,0,0,136,67,44,0,0,285,77,3
"Red Wing, MN","39860",2023,238,198,35,5,0,0,0,133,71,43,0,0,238,0,0
"Redding, CA","39820",2023,365,247,112,5,0,0,1,1435,64,45,0,0,272,93,0
"Reno, NV","39900",2023,365,191,174,0,0,0,0,97,71,50,0,4,248,112,1
"Richmond, VA","40060",2023,365,204,156,2,3,0,0,159,65,48,0,16,127,222,0
"Riverside-San Bernardino-Ontario, CA","40140",2023,365,35,189,78,49,10,4,660,174,81,0,7,187,122,49
"Riverton, WY","40180",2023,365,215,147,3,0,0,0,110,65,49,0,0,277,88,0
"Roanoke Rapids, NC","40260",2023,365,256,108,1,0,0,0,134,60,37,0,8,0,357,0
"Roanoke, VA","40220",2023,365,248,113,3,1,0,0,158,62,43,0,3,127,235,0
"Rochester, MN","40340",2023,365,189,161,14,1,0,0,167,76,49,0,0,119,246,0
"Rochester, NY","40380",2023,365,237,117,6,5,0,0,176,64,43,0,0,140,225,0
"Rock Springs, WY","40540",2023,365,253,103,8,0,1,0,211,71,47,0,0,328,8,29
"Rockford, IL","40420",2023,365,167,178,17,1,2,0,242,77,52,0,0,100,265,0
"Rockland, ME","40500",2023,301,296,5,0,0,0,0,87,44,33,0,0,301,0,0
"Rocky Mount, NC","40580",2023,357,266,91,0,0,0,0,99,59,41,0,0,135,222,0
"Rome, GA","40660",2023,322,184,137,1,0,0,0,110,63,46,0,0,0,322,0
"Roswell, NM","40740",2023,118,107,11,0,0,0,0,75,47,24,0,0,0,118,0
"Ruidoso, NM","40760",2023,119,116,3,0,0,0,0,55,32,14,0,0,0,119,0
"Rutland, VT","40860",2023,364,267,95,2,0,0,0,147,59,38,1,0,175,188,0
"Sacramento--Roseville--Arden-Arcade, CA","40900",2023,365,129,222,14,0,0,0,143,90,58,0,0,221,144,0
"Salem, OH","41400",2023,61,60,1,0,0,0,0,74,26,11,0,0,0,0,61
"Salem, OR","41420",2023,365,268,93,4,0,0,0,128,65,38,0,0,130,235,0
"Salinas, CA","41500",2023,365,274,90,1,0,0,0,115,55,42,0,0,146,212,7
"Salisbury, MD-DE","41540",2023,365,215,144,3,2,1,0,203,68,47,0,0,140,225,0
"Salt Lake City, UT","41620",2023,365,149,200,15,1,0,0,154,90,54,0,20,220,118,7
"San Antonio-New Braunfels, TX","41700",2023,365,152,201,10,1,0,1,309,80,53,0,1,137,227,0
"San Diego-Carlsbad, CA","41740",2023,365,61,260,44,0,0,0,150,101,67,0,1,185,151,28
"San Francisco-Oakland-Hayward, CA","41860",2023,365,124,228,13,0,0,0,130,73,54,1,16,65,283,0
"San Jose-Sunnyvale-Santa Clara, CA","41940",2023,365,225,136,4,0,0,0,134,67,45,0,0,210,153,2
"San Juan-Carolina-Caguas, PR","41980",2023,318,185,120,11,2,0,0,155,81,42,44,3,11,225,35
"San Luis Obispo-Paso Robles-Arroyo Grande, CA","42020",2023,365,207,152,6,0,0,0,122,77,47,0,3,244,115,3
"Sandpoint, ID","41760",2023,363,273,86,2,1,1,0,261,60,34,0,0,0,343,20
"Santa Cruz-Watsonville, CA","42100",2023,365,300,64,1,0,0,0,130,53,36,0,0,176,189,0
"Santa Fe, NM","42140",2023,362,284,78,0,0,0,0,84,64,44,0,0,332,30,0
"Santa Maria-Santa Barbara, CA","42200",2023,365,232,133,0,0,0,0,95,59,45,0,0,170,186,9
"Santa Rosa, CA","42220",2023,365,323,40,2,0,0,0,117,51,33,1,0,237,126,1
"Savannah, GA","42340",2023,352,197,153,2,0,0,0,108,63,48,0,0,52,300,0
"Sayre, PA","42380",2023,289,237,51,1,0,0,0,108,57,40,0,0,196,93,0
"Scottsbluff, NE","42420",2023,343,298,44,0,0,1,0,225,52,21,0,0,0,343,0
"Scranton--Wilkes-Barre--Hazleton, PA","42540",2023,365,230,127,3,4,1,0,292,65,44,0,7,140,218,0
"Seattle-Tacoma-Bellevue, WA","42660",2023,365,186,172,4,3,0,0,195,71,50,0,3,120,242,0
"Sebastian-Vero Beach, FL","42680",2023,358,350,8,0,0,0,0,74,44,34,0,0,358,0,0
"Sebring, FL","42700",2023,361,346,14,1,0,0,0,108,45,35,0,0,361,0,0
"Sevierville, TN","42940",2023,268,205,60,3,0,0,0,115,64,45,0,0,268,0,0
"Sheboygan, WI","43100",2023,203,132,53,16,1,1,0,207,100,45,0,0,203,0,0
"Shelton, WA","43220",2023,363,313,49,1,0,0,0,106,53,24,0,0,0,363,0
"Sheridan, WY","43260",2023,365,283,79,2,1,0,0,175,59,43,0,0,247,112,6
"Show Low, AZ","43320",2023,364,290,74,0,0,0,0,84,64,43,0,0,357,2,5
"Shreveport-Bossier City, LA","43340",2023,361,137,223,1,0,0,0,114,71,53,0,0,72,287,2
"Sierra Vista-Douglas, AZ","43420",2023,365,272,90,3,0,0,0,108,64,44,0,0,317,1,47
"Sioux City, IA-NE-SD","43580",2023,118,71,45,0,2,0,0,169,64,43,0,0,0,118,0
"Sioux Falls, SD","43620",2023,365,235,103,23,4,0,0,181,93,44,0,6,254,96,9
"Somerset, KY","43700",2023,363,232,129,2,0,0,0,120,61,45,0,0,95,268,0
"Somerset, PA","43740",2023,365,333,32,0,0,0,0,93,49,35,0,0,365,0,0
"Sonora, CA","43760",2023,290,237,51,2,0,0,0,112,61,43,0,0,290,0,0
"South Bend-Mishawaka, IN-MI","43780",2023,365,172,180,10,2,1,0,223,74,52,0,0,136,229,0
"Spartanburg, SC","43900",2023,365,166,194,5,0,0,0,136,71,51,0,0,100,265,0
"Spokane-Spokane Valley, WA","44060",2023,365,172,185,4,2,1,1,447,73,52,0,0,111,238,16
"Springfield, IL","44100",2023,365,182,163,17,2,1,0,247,74,51,0,0,112,253,0
"Springfield, MA","44140",2023,365,214,145,4,2,0,0,153,62,46,0,0,148,217,0
"Springfield, MO","44180",2023,365,188,171,6,0,0,0,122,68,49,0,0,111,254,0
"Springfield, OH","44220",2023,365,187,170,5,3,0,0,196,71,50,0,0,103,262,0
"St. Cloud, MN","41060",2023,365,199,152,11,3,0,0,184,83,48,0,0,112,253,0
"St. George, UT","41100",2023,365,291,74,0,0,0,0,90,61,43,0,0,345,20,0
"St. Joseph, MO-KS","41140",2023,365,182,175,8,0,0,0,129,74,51,0,0,119,240,6
"St. Louis, MO-IL","41180",2023,365,51,290,21,3,0,0,185,93,60,0,0,101,246,18
"St. Marys, PA","41260",2023,363,343,20,0,0,0,0,100,47,35,0,0,363,0,0
"State College, PA","44300",2023,365,239,118,3,5,0,0,199,68,45,0,0,188,177,0
"Steamboat Springs, CO","44460",2023,353,348,5,0,0,0,0,58,23,13,0,0,0,0,353
"Stockton-Lodi, CA","44700",2023,365,208,148,9,0,0,0,119,78,47,0,0,161,194,10
"Summerville, GA","44900",2023,244,225,19,0,0,0,0,100,49,38,0,0,244,0,0
"Syracuse, NY","45060",2023,365,276,80,5,3,1,0,258,60,40,0,0,198,167,0
"Tallahassee, FL","45220",2023,365,191,173,1,0,0,0,124,63,49,0,0,66,299,0
"Tampa-St. Petersburg-Clearwater, FL","45300",2023,365,144,216,5,0,0,0,114,71,52,0,0,101,261,3
"Taos, NM","45340",2023,350,332,18,0,0,0,0,67,43,20,0,0,0,350,0
"Terre Haute, IN","45460",2023,365,182,175,6,1,1,0,232,69,51,0,0,144,221,0
"Texarkana, TX-AR","45500",2023,321,130,190,1,0,0,0,107,65,53,0,0,0,321,0
"The Dalles, OR","45520",2023,289,244,40,2,2,1,0,214,55,27,0,0,0,289,0
"Toledo, OH","45780",2023,365,217,133,13,2,0,0,190,79,45,0,0,162,203,0
"Topeka, KS","45820",2023,363,196,159,6,2,0,0,164,71,48,0,0,176,185,2
"Torrington, CT","45860",2023,364,285,72,3,4,0,0,183,59,38,6,0,263,95,0
"Traverse City, MI","45900",2023,238,198,37,2,1,0,0,156,71,38,0,0,238,0,0
"Trenton, NJ","45940",2023,365,194,160,6,4,1,0,244,70,49,0,0,123,242,0
"Truckee-Grass Valley, CA","46020",2023,365,243,119,3,0,0,0,140,71,44,0,0,223,142,0
"Tucson, AZ","46060",2023,365,123,235,7,0,0,0,147,84,54,0,0,179,123,63
"Tulsa, OK","46140",2023,365,138,207,18,2,0,0,197,84,53,0,0,165,193,7
"Tupelo, MS","46180",2023,245,212,31,2,0,0,0,122,54,42,0,0,245,0,0
"Tuscaloosa, AL","46220",2023,365,255,110,0,0,0,0,87,60,42,0,0,112,253,0
"Twin Falls, ID","46300",2023,344,328,16,0,0,0,0,80,42,25,0,0,0,344,0
"Tyler, TX","46340",2023,364,296,64,4,0,0,0,119,67,38,0,3,361,0,0
"Ukiah, CA","46380",2023,365,144,216,5,0,0,0,140,69,53,0,0,29,336,0
"Urban Honolulu, HI","46520",2023,365,337,27,1,0,0,0,117,47,31,0,0,174,187,4
"Utica-Rome, NY","46540",2023,351,275,70,3,3,0,0,190,56,32,0,0,0,351,0
"Valdosta, GA","46660",2023,359,188,167,4,0,0,0,126,66,48,0,0,0,359,0
"Vallejo-Fairfield, CA","46700",2023,365,269,95,1,0,0,0,105,57,40,0,1,242,122,0
"Vermillion, SD","46820",2023,365,244,103,15,3,0,0,173,80,43,0,0,197,168,0
"Vernal, UT","46860",2023,365,184,144,16,18,3,0,215,101,50,0,0,324,41,0
"Victoria, TX","47020",2023,356,345,11,0,0,0,0,74,44,31,0,0,356,0,0
"Vincennes, IN","47180",2023,364,313,43,8,0,0,0,126,58,39,0,0,364,0,0
"Vineland-Bridgeton, NJ","47220",2023,361,262,94,3,1,1,0,203,61,43,0,3,199,159,0
"Vineyard Haven, MA","47240",2023,363,332,25,6,0,0,0,133,48,38,0,0,342,21,0
"Virginia Beach-Norfolk-Newport News, VA-NC","47260",2023,365,229,133,2,1,0,0,174,64,44,0,6,123,236,0
"Visalia-Porterville, CA","47300",2023,365,94,189,61,19,2,0,242,126,69,0,0,206,154,5
"Wabash, IN","47340",2023,364,313,48,3,0,0,0,126,58,36,0,0,364,0,0
"Waco, TX","47380",2023,365,169,188,8,0,0,0,129,75,52,4,0,123,238,0
"Walla Walla, WA","47460",2023,365,290,71,1,1,1,1,305,55,41,0,0,217,129,19
"Warner Robins, GA","47580",2023,365,190,174,0,1,0,0,152,66,49,0,0,0,365,0
"Washington-Arlington-Alexandria, DC-VA-MD-WV","47900",2023,365,158,187,16,3,1,0,222,84,52,0,5,161,198,1
"Waterloo-Cedar Falls, IA","47940",2023,365,156,193,12,4,0,0,187,74,53,0,0,79,286,0
"Watertown, SD","47980",2023,363,215,135,12,1,0,0,164,77,45,0,0,135,209,19
"Watertown-Fort Atkinson, WI","48020",2023,203,145,43,15,0,0,0,140,97,44,0,0,203,0,0
"Watertown-Fort Drum, NY","48060",2023,362,344,17,1,0,0,0,101,44,33,0,0,362,0,0
"Wausau, WI","48140",2023,216,168,39,8,1,0,0,166,84,41,0,0,205,11,0
"Weirton-Steubenville, WV-OH","48260",2023,365,179,180,4,0,2,0,229,74,51,0,0,121,244,0
"Wenatchee, WA","48300",2023,365,280,80,1,2,2,0,266,59,34,0,0,0,365,0
"Wheeling, WV-OH","48540",2023,365,154,206,3,1,1,0,213,71,52,0,1,67,297,0
"Whitewater-Elkhorn, WI","48580",2023,203,138,48,17,0,0,0,143,93,44,0,0,203,0,0
"Wichita, KS","48620",2023,365,163,197,4,1,0,0,157,71,52,0,2,165,187,11
"Williamsport, PA","48700",2023,283,242,38,3,0,0,0,119,58,38,0,0,214,69,0
"Wilmington, NC","48900",2023,362,237,124,1,0,0,0,142,62,44,0,0,91,271,0
"Wilmington, OH","48940",2023,242,199,39,4,0,0,0,129,67,44,0,0,242,0,0
"Winchester, VA-WV","49020",2023,363,240,114,5,4,0,0,185,66,44,0,0,125,238,0
"Winona, MN","49100",2023,119,95,22,1,1,0,0,169,58,28,0,0,0,119,0
"Winston-Salem, NC","49180",2023,365,147,211,6,1,0,0,154,72,53,0,0,101,264,0
"Worcester, MA-CT","49340",2023,365,265,96,4,0,0,0,148,58,40,0,3,204,158,0
"Yakima, WA","49420",2023,365,203,158,1,1,2,0,233,69,46,0,0,0,363,2
"York-Hanover, PA","49620",2023,356,198,150,4,3,1,0,256,72,48,0,1,147,208,0
"Youngstown-Warren-Boardman, OH-PA","49660",2023,365,171,186,5,2,1,0,226,77,52,0,0,126,239,0
"Yuba City, CA","49700",2023,363,192,168,3,0,0,0,105,69,49,0,0,214,149,0
"Yuma, AZ","49740",2023,365,204,150,6,4,0,1,519,74,48,0,0,213,72,80
